{"cameraMode":{"drawMode":0,"name":"Shaded","section":"Shading Mode"},"sceneLighting":false,"audioPlay":false,"sceneViewState":{"showFog":true,"showMaterialUpdate":false,"showSkybox":false,"showFlares":true,"showImageEffects":true,"showParticleSystems":true},"in2DMode":false,"pivot":{"x":0.6462610363960266,"y":-3.184138536453247,"z":-19.14923858642578},"rotation":{"x":-0.00028745183954015374,"y":-0.9933863282203674,"z":0.11647102236747742,"w":-0.0018222949001938105},"size":22.0,"orthographic":false}