{"cameraMode":{"drawMode":0,"name":"Shaded","section":"Shading Mode"},"sceneLighting":false,"audioPlay":false,"sceneViewState":{"showFog":true,"showMaterialUpdate":false,"showSkybox":false,"showFlares":true,"showImageEffects":true,"showParticleSystems":true},"in2DMode":false,"pivot":{"x":0.39180395007133486,"y":-2.7035698890686037,"z":-19.20859718322754},"rotation":{"x":-0.0015126395737752319,"y":-0.9957690238952637,"z":0.09228737652301789,"w":-0.0173814594745636},"size":22.0,"orthographic":false}