{"cameraMode":{"drawMode":0,"name":"Shaded","section":"Shading Mode"},"sceneLighting":true,"audioPlay":false,"sceneViewState":{"showFog":true,"showMaterialUpdate":false,"showSkybox":true,"showFlares":true,"showImageEffects":true,"showParticleSystems":true},"in2DMode":false,"pivot":{"x":19.613887786865236,"y":-1.0264849662780762,"z":-4.329678058624268},"rotation":{"x":0.1540812999010086,"y":-0.4275533854961395,"z":0.07436864823102951,"w":0.887807309627533},"size":10.876067161560059,"orthographic":false}