{"cameraMode":{"drawMode":0,"name":"Shaded","section":"Shading Mode"},"sceneLighting":false,"audioPlay":false,"sceneViewState":{"showFog":true,"showMaterialUpdate":false,"showSkybox":false,"showFlares":true,"showImageEffects":true,"showParticleSystems":true},"in2DMode":false,"pivot":{"x":-1.3175866603851319,"y":0.8783771991729736,"z":-2.0515170097351076},"rotation":{"x":0.004124948754906654,"y":-0.9880735278129578,"z":0.026091711595654489,"w":0.15292562544345857},"size":4.778054714202881,"orthographic":false}