{"cameraMode":{"drawMode":0,"name":"Shaded","section":"Shading Mode"},"sceneLighting":true,"audioPlay":false,"sceneViewState":{"showFog":true,"showMaterialUpdate":true,"showSkybox":true,"showFlares":true,"showImageEffects":true,"showParticleSystems":true},"in2DMode":false,"pivot":{"x":5.083788871765137,"y":1.5204601287841797,"z":-12.848189353942871},"rotation":{"x":-0.3139437437057495,"y":0.6389368176460266,"z":-0.32313451170921328,"w":-0.6242877840995789},"size":11.824546813964844,"orthographic":false}