{"cameraMode":{"drawMode":0,"name":"Shaded","section":"Shading Mode"},"sceneLighting":false,"audioPlay":false,"sceneViewState":{"showFog":true,"showMaterialUpdate":false,"showSkybox":false,"showFlares":true,"showImageEffects":true,"showParticleSystems":true},"in2DMode":false,"pivot":{"x":0.43196776509284975,"y":0.932047426700592,"z":-1.2767583131790162},"rotation":{"x":0.0013004044303670526,"y":0.9988493323326111,"z":-0.041989654302597049,"w":0.030325550585985185},"size":4.778054714202881,"orthographic":false}