{"cameraMode":{"drawMode":0,"name":"Shaded","section":"Shading Mode"},"sceneLighting":false,"audioPlay":false,"sceneViewState":{"showFog":true,"showMaterialUpdate":false,"showSkybox":false,"showFlares":true,"showImageEffects":true,"showParticleSystems":true},"in2DMode":false,"pivot":{"x":5.173492908477783,"y":1.4680062532424927,"z":-9.767045021057129},"rotation":{"x":-0.18853875994682313,"y":0.7092159390449524,"z":-0.20590923726558686,"w":-0.6475522518157959},"size":22.0,"orthographic":false}